img,has_parking
3fc6dc94-358b37a6.jpg,0
a533bbf4-334e448b.jpg,0
364b9828-3b68d668.jpg,0
4f17bb5c-caeca243.jpg,0
15aff798-d8a7c4dc.jpg,0
93841b6f-303837b4.jpg,0
6a88fda6-59c59531.jpg,0
6360329d-a7158a33.jpg,0
19b8e16d-d66b056e.jpg,0
b124d454-8f352c9f.jpg,0
91c2de24-42f17fea.jpg,0
3d247ac9-6dbe0b94.jpg,0
71359bad-9c3df325.jpg,0
785bc33b-3bfaf796.jpg,0
63f73472-028615f1.jpg,0
8bac0459-07de5de7.jpg,0
88c44dd2-ed950f01.jpg,0
5653e4db-f4710383.jpg,0
a2045a1d-39980ebd.jpg,1
71b77915-c205f4ae.jpg,0
8c22a871-3c53a68a.jpg,0
99302f3b-b777b68b.jpg,0
4e0661c5-7aa68c73.jpg,0
78f2f058-63de5278.jpg,0
2d725f09-7366d278.jpg,0
447cffc0-160b9e19.jpg,0
4686ce5f-ce7f6e0e.jpg,0
74980c75-5fddd218.jpg,0
85c01911-f9d9dc82.jpg,0
4706a375-bdc0dfef.jpg,0
3bf201fd-a5e56a54.jpg,0
35f3d50a-f89852d9.jpg,0
41101675-83929d54.jpg,0
32b50929-b32c5d43.jpg,0
aeb9ad18-5790b775.jpg,0
2e45d7c5-a712fbe9.jpg,0
4524d988-efcd7a18.jpg,0
70bf256d-d8d6dfa5.jpg,1
2eb9234e-2651f4ff.jpg,1
0886c147-281cfa4c.jpg,1
9f7d0810-13f4cf99.jpg,0
9228fb15-74cd2d3a.jpg,0
2d86b379-e4b17c6f.jpg,0
99a2b27e-34d95554.jpg,0
08d19d01-bb538e19.jpg,0
71128975-37d10c45.jpg,0
1bbe313d-fdd7b26f.jpg,1
0ac2cd53-8287aaa9.jpg,1
7b6e53ff-81133f7c.jpg,0
3efaac52-a8d52227.jpg,0
314f962f-d439d536.jpg,0
95783f1d-18879102.jpg,0
5c4004b7-065fc0c6.jpg,0
85465e21-57c5592a.jpg,0
56a26f98-39263a79.jpg,0
4c3dcd52-c3016623.jpg,1
89b27392-de23b5ec.jpg,0
a4b02084-4c9bc230.jpg,0
41ff307d-77b5c4fa.jpg,0
1e3a1c38-36f2a4fe.jpg,0
62a1b018-bc132b5a.jpg,1
53132f74-46bcadfd.jpg,0
6017fd2e-45f8a926.jpg,1
6a72ef7e-2ad935d0.jpg,0
8687d021-9c3d3274.jpg,1
292e0757-9c9cfdf1.jpg,0
8a4fbffe-47866ce9.jpg,0
2fc9ad1e-63a5b922.jpg,0
13a4e4da-1e2ce046.jpg,0
1949abb6-238d42ef.jpg,0
9a6d621a-974dd489.jpg,0
36e551bf-22d6411b.jpg,1
493ea3c1-df8adba5.jpg,0
901a2533-e05e6df4.jpg,0
7d57fbb6-90779b7c.jpg,0
51028170-11358c1d.jpg,0
2fce6d20-cdc22d03.jpg,0
33f622dc-144763e1.jpg,0
ae6a66ac-64b273a6.jpg,0
219a4590-96acd381.jpg,0
45e5b9c9-2889c3ed.jpg,0
0aab75aa-509b6c36.jpg,0
9347dae7-5e416600.jpg,0
71359bad-c2896933.jpg,0
abe2f1dd-b3577db6.jpg,0
62bdad43-28f2bd05.jpg,0
04629c39-1d564d8a.jpg,0
1ace3da5-7e760505.jpg,1
124f755c-3708ece6.jpg,1
9ab63279-4e07f01b.jpg,0
4fac2574-570c91fb.jpg,0
9ef9bc6b-87c733d4.jpg,0
3fd2d2aa-d5767d9d.jpg,0
b1b00a82-50538df1.jpg,0
acfedc4d-afb2ef66.jpg,0
2aff6e36-8b6c52e8.jpg,0
381c84e3-a6c4992a.jpg,0
17e8cf9e-4e6b08f2.jpg,0
3749437b-55d10414.jpg,0
9c7eb7d6-dc9c131d.jpg,0
851fa4bb-79d75837.jpg,0
400e072c-9a8228a2.jpg,0
987340e7-623df28e.jpg,0
6a72ef7e-7a957486.jpg,0
150dd10e-d26c717d.jpg,0
6b13eb0b-623d1046.jpg,0
632b3ef0-ada4fdd0.jpg,0
45fa63d2-29d59974.jpg,0
7f2275f6-1bf2aab1.jpg,0
529762d9-a98c2f0e.jpg,0
0a800f65-b171d7ac.jpg,0
3bcc8f8a-a291944d.jpg,0
294f48b6-e4ca441a.jpg,0
72b2ae75-10ac38cb.jpg,0
0e9015eb-116a6401.jpg,0
a063447a-61b22f37.jpg,0
713a020b-a954979e.jpg,0
6816340c-b7b87824.jpg,0
6ee87837-f2a9fa02.jpg,0
a7f2752d-e9d362b7.jpg,0
5f623ce1-2594673d.jpg,0
9f7d0810-4981da81.jpg,0
39c98ff2-05ce26be.jpg,0
35a6a1aa-55158c1d.jpg,0
98392b87-60ebfc27.jpg,0
862d3933-7e714b4b.jpg,0
7ab50de8-16ec5eb7.jpg,0
445228bb-d8e92b1e.jpg,0
8868e2d8-e83a3611.jpg,0
a2edb9bb-9b7fbf3d.jpg,0
855390c9-2d897ef6.jpg,0
1c9812d9-6dfd5fd4.jpg,1
2d89f625-f01fdcad.jpg,0
79ee8246-5e7582e2.jpg,0
30f47a05-a182bd0f.jpg,0
b1441e28-1bdefdcc.jpg,0
9b4fc6b0-af0a908b.jpg,0
21f4edde-9b70fa56.jpg,0
6485ad0a-12080a20.jpg,0
90090ba4-364c4d22.jpg,0
84aaacab-5ae4b90c.jpg,0
3357e045-e62f83b3.jpg,0
26d4fcc6-b28a6606.jpg,0
1525b9a6-8d10665b.jpg,0
1806c9a4-6f4a2ea5.jpg,0
0830c485-d6898489.jpg,0
980ea79d-53da79d4.jpg,1
93c69495-9f76be26.jpg,0
98af060a-abc9be19.jpg,0
7ea683c8-fe508031.jpg,0
8f65c7d4-f98fb27b.jpg,0
321d08e1-f2f45440.jpg,1
1a7bb587-fe309713.jpg,0
8c86183d-775fc2c6.jpg,0
a3f4d9d8-c7785664.jpg,0
24ea2bbd-eae6f66c.jpg,0
8b773dfc-355ad21d.jpg,0
353c68ef-c23afa84.jpg,1
6ef10939-6a3404dc.jpg,0
46272988-4817d693.jpg,0
443d3285-7e046442.jpg,0
69090a46-f923c04a.jpg,0
3d58b79d-18303615.jpg,0
31f7afcf-a406a3d0.jpg,0
82fd3ff6-3b14ecd1.jpg,0
1c6289cf-ebeb5f01.jpg,1
9e08e5b0-5dbc82a7.jpg,0
0465ebb7-4da7a012.jpg,0
8ad2994f-0c531564.jpg,1
9f902bea-d35bf4c7.jpg,0
4a8f903a-6a505f5d.jpg,0
b1b00a82-3fde3dcc.jpg,0
9f7d0810-8e5187cf.jpg,0
15e09ff1-23649760.jpg,0
2a6fc445-f5a32109.jpg,0
282f55fa-fbb22d00.jpg,0
69402bde-9c417004.jpg,0
8048eec1-52393145.jpg,0
0830c485-0e89c19e.jpg,0
7c3e154c-4b3af349.jpg,0
1d3fad59-d78e6332.jpg,1
6fd8a887-8907e2f6.jpg,0
623f3723-a4ee8c56.jpg,0
827624f5-879f96c0.jpg,0
15905cba-45b19098.jpg,0
6a3da377-d2c93c11.jpg,1
42274e3e-763216de.jpg,0
3fa8519a-756b01e8.jpg,0
30d46098-a7a19ef7.jpg,0
3290e5a2-ce4af1ec.jpg,0
ac127234-d1486b99.jpg,1
81d6fd24-d8f88f6d.jpg,1
ae0ef310-6a6e3c69.jpg,0
66b28496-36194cd4.jpg,0
40e4b9b8-c62ad6be.jpg,0
22a06018-5416e80b.jpg,0
4d6a7269-3a9cc63e.jpg,0
23a3d4cb-0909e633.jpg,0
56819a8a-d9938de9.jpg,0
9b8d3806-879b8883.jpg,0
88da1fa7-d4e65f49.jpg,1
12095c94-376d9059.jpg,0
a5f820c0-8f816def.jpg,0
97d47cfc-a389778f.jpg,0
3a06f4db-d88d10bb.jpg,0
25383dc7-38877a02.jpg,0
582b539d-37f88f40.jpg,0
6d5c1066-91f70925.jpg,0
4d70ad1a-2ab4ab95.jpg,0
52d9ef2d-9fd9ee4e.jpg,0
ad16e608-9106d9ad.jpg,0
4619c83b-6c142f76.jpg,0
4b2de23a-da3190c3.jpg,0
511651f3-bc37810f.jpg,0
833e9bda-0addf651.jpg,0
026e1e49-771df1d9.jpg,1
2701b1e2-aef31b5e.jpg,0
9e57b475-165dcb26.jpg,1
175de3b8-aa268808.jpg,0
4bd1326e-03b31959.jpg,0
0b6dd7d8-ff3ac76b.jpg,0
6f7184c4-cc3c9895.jpg,0
92254ee9-4777b979.jpg,0
4eb22191-f1164897.jpg,0
2c32580e-4050258d.jpg,1
3849c911-0a90de43.jpg,0
adb77b75-40938e2d.jpg,0
9f7d0810-ac8a7dcf.jpg,1
864b4701-8809ea5a.jpg,0
975aed5a-7a0a6304.jpg,0
347eb7ec-c791af09.jpg,0
598b9219-2c52f004.jpg,0
556733f6-f66b27a2.jpg,0
204472d6-8b478d2b.jpg,0
a9f29bc0-a0d09a24.jpg,1
1f0b3fdd-b0875990.jpg,1
6a9b44bd-c9648e9d.jpg,0
6db91b70-c0b4b1ee.jpg,0
9e86ec05-56319156.jpg,0
8995ce22-b46b17e3.jpg,0
68e7781a-2881ad4c.jpg,0
5dfb063f-a1aa2d3e.jpg,0
243a8597-bb61d2b9.jpg,1
880b90ec-e1cda357.jpg,0
347eb7ec-7968a553.jpg,0
3ca82fd0-cc698a7d.jpg,0
5dae5f6e-2d5799cc.jpg,0
15f3d7e1-85cf2263.jpg,0
4d5922f3-7ca3f932.jpg,0
23baaec2-eef3da82.jpg,0
204472d6-133a9d01.jpg,0
16d1fbe3-4c9ace89.jpg,0
82d94487-6ce88e12.jpg,0
52a608d9-498ef153.jpg,0
38b429c0-de193db5.jpg,0
9347585c-30db0854.jpg,0
4efc8666-2a50b407.jpg,0
a39c56b0-171b3c6e.jpg,0
9e31f6be-49f4a807.jpg,0
13a4e4da-79b560a3.jpg,1
4c79305e-398cbc1c.jpg,0
ab2b1dee-908cb1fc.jpg,0
7fc9d1e0-e10288ca.jpg,0
7090c632-ec061c2e.jpg,0
467099b5-20f3ad32.jpg,0
8cc99f48-b7231a3a.jpg,0
7e8b11fe-9b4d5ee6.jpg,0
5835e3bd-6f986951.jpg,0
3fdb8574-9124c532.jpg,0
61e26c80-9f076918.jpg,1
4de7effc-c8955655.jpg,0
ae4394c0-29aa60de.jpg,0
97d47cfc-923c6bd6.jpg,0
1f0fbe36-11ab1a97.jpg,1
6a44fb9a-ec474330.jpg,0
92c959b6-45d25a57.jpg,1
9d8fef6e-a4d54dca.jpg,0
7c39cb29-865d624d.jpg,0
a16b31f6-3913a385.jpg,1
9ef9bc6b-c31251db.jpg,0
9a7b697a-a9a4b397.jpg,1
51b05a44-e157c4ad.jpg,0
9b9e2805-6ff55be7.jpg,0
a9671dd9-b7aeb4ef.jpg,0
a1b895b8-ba49d6ec.jpg,0
17da591c-cb0a2a4f.jpg,0
55752dc8-ccfaa86b.jpg,0
31782a56-7f606e08.jpg,0
a9fb9f25-e1d8dde4.jpg,0
2f5b65f6-6ea85f37.jpg,0
58056cdc-fb98d0d7.jpg,0
58f1b2df-430e9d7d.jpg,0
3eef0f31-c84a5340.jpg,0
78f2f058-b0f18d7a.jpg,0
88ceb23f-e2764808.jpg,0
5755fabd-347b9f33.jpg,0
542af0ab-855efe99.jpg,0
13e4f851-2ff77fd6.jpg,0
528d8b9e-2e79ab5b.jpg,0
7a3da3fa-01a8b623.jpg,0
3effff65-4cde1714.jpg,0
274a1a2e-4e4befd0.jpg,0
ac863970-98e34d65.jpg,0
2ff3443a-a146a55c.jpg,0
50c3ae15-59c858b6.jpg,0
